{"cameraMode":{"drawMode":0,"name":"Shaded","section":"Shading Mode"},"sceneLighting":true,"audioPlay":false,"sceneViewState":{"showFog":true,"showMaterialUpdate":false,"showSkybox":true,"showFlares":true,"showImageEffects":true,"showParticleSystems":true},"in2DMode":false,"pivot":{"x":-1.7342890501022339,"y":-1.6809643507003785,"z":-0.9296537637710571},"rotation":{"x":0.010858085937798024,"y":0.9881342649459839,"z":-0.12849199771881104,"w":0.08349896222352982},"size":5.707395553588867,"orthographic":false}